{"Qt4oLDhGe0yz8rkTBfv+yg==":"1-2f1192b9-96x42.png","M/vwWWnnP4DBjPv4o1TeOg==":"mbr-1920x1078.jpg","yRtGf4UW9E3ngbmnx4ZDkQ==":"mbr-1920x1280.jpg","JLO9mrdWbA3TdrZ1/e85fA==":"mbr-1-1920x1280.jpg","oujaVLavwuTAxPtOALilVw==":"mbr-816x545.jpg","76lwTh7hEmMqrL4+Flr3Sw==":"mbr-816x542.jpg","Z3Z631hxkKlgh+c939E9Pg==":"mbr-816x544.jpg","GWUJEqK8/etj2ZHUCvZSIg==":"mbr-1-816x542.jpg","cdkCe4yvCzKCx+Ui4yKSbA==":"mbr-816x612.jpg","TZ41+kAR/K4GYe8kljmFwA==":"mbr-816x553.jpg","xIo+QgzFVqLWNX1pNjyXfA==":"mbr-838x559.jpg","iOtO/DZwdjLu46TzWLQMpg==":"mbr-838x560.jpg","fhLK+wl9AdXKvU+UsQaKLg==":"mbr-838x629.jpg","oPSX7g9bp6EsIw6LyBbfEw==":"mbr-1-838x560.jpg","1c5TcXcm2iJClA5S+KgaQw==":"mbr-838x999.jpg","XXA4kZAglXU3hL3DIfPKJw==":"mbr-1-838x559.jpg","yTog6X+76WygkgwEDyQs/g==":"mbr-2-838x559.jpg","I6SclP4Av1B/ckLSTUhpUQ==":"mbr-1920x1358.jpg","eEgwy7WFdj4l5hsz/dMX0w==":"mbr-3-838x559.jpg","9yvodNXG4KxvjNcZQDCgdA==":"iphone-15-pro-max-vs-galaxy-s24-ultra-speed-test-1476x844.jpg","BJB5rfniFNIwonJP+sgvog==":"mbr-1800x1200.jpg","XALVqBoyouLNVhtqh5+CrA==":"mbr-1-1800x1200.jpg","OraHshQRvRFqHhWWLCRENA==":"mbr-2-1800x1200.jpg","zCI6yExFXxHGwcVQfl4JWA==":"mbr-1800x1215.jpg","XA5z8mjxkDaqlAyVSXDwew==":"mbr-3-1800x1200.jpg"}